1,Сидорова,Елена,Сергеевна,1967-09-05,2813436004,Ответственный 1,Не в работе
2,Смирнов,Владимир,Дмитриевич,1954-05-19,9731502565,Ответственный 2,Не в работе
3,Смирнова,Ольга,Максимовна,1993-02-26,1104314178,Ответственный 3,Не в работе
4,Кузнецова,Ольга,Андреевна,2005-05-11,1281763600,Ответственный 4,Не в работе
5,Васильев,Сергей,Александрович,1961-10-06,6748295673,Ответственный 5,Не в работе
6,Соколова,Ольга,Михайловна,1993-05-26,3386144340,Ответственный 6,Не в работе
7,Попов,Максим,Михайлович,1963-04-22,8137807488,Ответственный 7,Не в работе
8,Смирнов,Алексей,Максимович,1967-08-08,6764708803,Ответственный 8,Не в работе
9,Соколов,Андрей,Максимович,1994-05-12,5731067324,Ответственный 9,Не в работе
10,Иванова,Екатерина,Сергеевна,1998-04-23,1114006478,Ответственный 10,Не в работе
11,Федорова,Ирина,Николаевна,1985-09-11,9364861046,Ответственный 11,Не в работе
12,Федоров,Николай,Сергеевич,1964-02-06,1654990444,Ответственный 12,Не в работе
13,Васильев,Сергей,Иванович,1997-03-20,4188747592,Ответственный 13,Не в работе
14,Смирнова,Мария,Ивановна,1967-07-26,9475919053,Ответственный 14,Не в работе
15,Кузнецова,Татьяна,Сергеевна,1963-08-02,2372863965,Ответственный 15,Не в работе
16,Михайлова,Екатерина,Андреевна,1976-02-28,4509619309,Ответственный 16,Не в работе
17,Соколова,Татьяна,Андреевна,1971-06-19,8578464721,Ответственный 17,Не в работе
18,Попова,Ирина,Николаевна,1976-04-09,5756044964,Ответственный 18,Не в работе
19,Соколов,Дмитрий,Максимович,2005-02-13,1184748476,Ответственный 19,Не в работе
20,Попова,Светлана,Сергеевна,2004-02-03,3978435327,Ответственный 20,Не в работе
21,Михайлов,Сергей,Андреевич,1972-08-21,7621459127,Ответственный 21,Не в работе
22,Иванова,Татьяна,Владимировна,1950-10-10,8982442660,Ответственный 22,Не в работе
23,Соколова,Ирина,Владимировна,1950-10-03,3833853251,Ответственный 23,Не в работе
24,Попов,Иван,Владимирович,1979-09-05,2810819593,Ответственный 24,Не в работе
25,Сидорова,Наталья,Николаевна,1980-02-10,9743663606,Ответственный 25,Не в работе
26,Смирнов,Николай,Николаевич,1989-05-19,9699384512,Ответственный 26,Не в работе
27,Смирнов,Владимир,Андреевич,1977-10-27,3847767947,Ответственный 27,Не в работе
28,Федоров,Алексей,Александрович,1975-10-26,7750841337,Ответственный 28,Не в работе
29,Соколова,Юлия,Ивановна,1961-11-17,8250331644,Ответственный 29,Не в работе
30,Соколова,Екатерина,Алексеевна,1993-06-17,3909432734,Ответственный 30,Не в работе
31,Сидоров,Александр,Максимович,1972-08-02,4970586762,Ответственный 31,Не в работе
32,Сидорова,Елена,Владимировна,1986-08-03,1539320450,Ответственный 32,Не в работе
33,Федоров,Иван,Дмитриевич,1988-12-03,8121056765,Ответственный 33,Не в работе
34,Васильев,Максим,Сергеевич,1975-05-15,2493656622,Ответственный 34,Не в работе
35,Попова,Ирина,Андреевна,1965-10-01,2412497524,Ответственный 35,Не в работе
36,Соколова,Елена,Владимировна,2001-05-13,8127037913,Ответственный 36,Не в работе
37,Соколова,Светлана,Максимовна,1977-12-29,1327416212,Ответственный 37,Не в работе
38,Федорова,Юлия,Николаевна,1953-09-09,6006589261,Ответственный 38,Не в работе
39,Иванов,Владимир,Михайлович,1965-03-22,2409055954,Ответственный 39,Не в работе
40,Петрова,Екатерина,Сергеевна,1989-11-11,5197355667,Ответственный 40,Не в работе
41,Васильев,Сергей,Дмитриевич,1952-12-19,5908997410,Ответственный 41,Не в работе
42,Иванова,Ирина,Александровна,1958-12-09,3313366061,Ответственный 42,Не в работе
43,Федорова,Наталья,Ивановна,1952-07-24,9981275267,Ответственный 43,Не в работе
44,Васильев,Алексей,Владимирович,1975-04-30,9440275238,Ответственный 44,Не в работе
45,Иванов,Александр,Андреевич,1999-01-21,7784630959,Ответственный 45,Не в работе
46,Соколова,Ольга,Ивановна,1962-09-13,3476305970,Ответственный 46,Не в работе
47,Петрова,Екатерина,Михайловна,2000-07-04,7666438581,Ответственный 47,Не в работе
48,Кузнецов,Николай,Владимирович,1998-07-12,3556382044,Ответственный 48,Не в работе
49,Сидорова,Татьяна,Ивановна,1970-03-30,4316705568,Ответственный 49,Не в работе
50,Иванова,Светлана,Андреевна,1952-01-10,2627572581,Ответственный 50,Не в работе
51,Соколов,Николай,Владимирович,1977-12-12,6978266788,Ответственный 51,Не в работе
52,Васильев,Дмитрий,Николаевич,2005-09-05,8049921621,Ответственный 52,Не в работе
53,Сидоров,Михаил,Дмитриевич,1964-10-08,1626702147,Ответственный 53,Не в работе
54,Смирнов,Александр,Александрович,1972-09-16,9991691172,Ответственный 54,Не в работе
55,Кузнецова,Мария,Алексеевна,1982-12-30,2665541207,Ответственный 55,Не в работе
56,Смирнов,Николай,Сергеевич,1950-11-15,8018180017,Ответственный 56,Не в работе
57,Васильева,Светлана,Максимовна,1995-11-30,9901728618,Ответственный 57,Не в работе
58,Кузнецова,Елена,Михайловна,1962-01-03,3117106067,Ответственный 58,Не в работе
59,Федорова,Ирина,Михайловна,1965-01-19,8592620196,Ответственный 59,Не в работе
60,Смирнова,Анна,Дмитриевна,1972-12-31,5545357778,Ответственный 60,Не в работе
61,Федоров,Сергей,Иванович,1966-10-26,7658524940,Ответственный 61,Не в работе
62,Петрова,Анна,Владимировна,1971-07-02,9881694909,Ответственный 62,Не в работе
63,Кузнецов,Сергей,Андреевич,1999-10-08,6077309863,Ответственный 63,Не в работе
64,Попов,Дмитрий,Иванович,1977-07-09,5532528001,Ответственный 64,Не в работе
65,Попова,Ирина,Сергеевна,1990-03-26,1825726642,Ответственный 65,Не в работе
66,Васильев,Дмитрий,Максимович,1965-03-10,4849351008,Ответственный 66,Не в работе
67,Иванов,Андрей,Александрович,1971-05-14,6831355434,Ответственный 67,Не в работе
68,Соколов,Владимир,Алексеевич,1967-03-25,8199666546,Ответственный 68,Не в работе
69,Васильева,Юлия,Николаевна,1951-06-03,5007926802,Ответственный 69,Не в работе
70,Федоров,Михаил,Николаевич,1951-12-27,2173187591,Ответственный 70,Не в работе
71,Кузнецова,Ирина,Николаевна,1999-03-06,4307589183,Ответственный 71,Не в работе
72,Попова,Мария,Владимировна,1999-05-07,4576256406,Ответственный 72,Не в работе
73,Попов,Иван,Николаевич,1954-08-31,7877454113,Ответственный 73,Не в работе
74,Смирнов,Сергей,Дмитриевич,1989-09-16,9345291307,Ответственный 74,Не в работе
75,Попов,Андрей,Владимирович,1951-11-03,7299103102,Ответственный 75,Не в работе
76,Смирнов,Александр,Андреевич,1988-02-17,1092216779,Ответственный 76,Не в работе
77,Васильев,Сергей,Максимович,1977-05-26,1241597679,Ответственный 77,Не в работе
78,Петрова,Наталья,Ивановна,1982-12-12,3168905688,Ответственный 78,Не в работе
79,Петрова,Анна,Александровна,1983-01-30,2746905628,Ответственный 79,Не в работе
80,Михайлова,Ольга,Дмитриевна,1976-05-03,7650573814,Ответственный 80,Не в работе
81,Петрова,Екатерина,Андреевна,1952-10-18,3230927403,Ответственный 81,Не в работе
82,Иванова,Наталья,Сергеевна,1980-12-15,7990139526,Ответственный 82,Не в работе
83,Соколов,Владимир,Максимович,1996-10-03,3411170882,Ответственный 83,Не в работе
84,Попова,Анна,Сергеевна,1960-10-27,7648785977,Ответственный 84,Не в работе
85,Смирнов,Сергей,Дмитриевич,1962-04-16,7749167688,Ответственный 85,Не в работе
86,Попов,Максим,Дмитриевич,2002-01-06,5731418451,Ответственный 86,Не в работе
87,Сидоров,Михаил,Андреевич,1984-02-21,9865608455,Ответственный 87,Не в работе
88,Васильева,Анна,Алексеевна,1981-03-12,7039058899,Ответственный 88,Не в работе
89,Сидоров,Алексей,Максимович,1959-03-19,4981703203,Ответственный 89,Не в работе
90,Федоров,Максим,Андреевич,1967-03-09,2114618617,Ответственный 90,Не в работе
91,Иванов,Михаил,Михайлович,1983-11-15,2548072812,Ответственный 91,Не в работе
92,Попова,Татьяна,Ивановна,1989-07-16,5352312800,Ответственный 92,Не в работе
93,Смирнов,Александр,Владимирович,1992-05-22,5247971710,Ответственный 93,Не в работе
94,Смирнов,Иван,Алексеевич,1975-02-08,5041387733,Ответственный 94,Не в работе
95,Попов,Сергей,Иванович,2001-06-12,6906742651,Ответственный 95,Не в работе
96,Смирнова,Мария,Максимовна,1995-07-03,6812992286,Ответственный 96,Не в работе
97,Сидорова,Наталья,Владимировна,1975-10-06,2611928790,Ответственный 97,Не в работе
98,Иванова,Ирина,Владимировна,1958-11-08,7934237298,Ответственный 98,Не в работе
99,Соколова,Татьяна,Ивановна,1995-03-07,9412684915,Ответственный 99,Не в работе
100,Сидорова,Юлия,Алексеевна,1987-11-12,3254146465,Ответственный 100,Не в работе
